{
  "exp_id": "A1.1",
  "seed": 42,
  "config": {
    "alpha": 0.6,
    "w": null,
    "cap": 10,
    "k": 50,
    "tau": null,
    "lambda": null,
    "max_steps": 40,
    "max_handoffs": 2,
    "max_new_tokens": 768,
    "id": "A1.1",
    "soft_mode": "deterministic"
  },
  "n_samples": 5,
  "n_valid": 5,
  "n_timeouts": 0,
  "n_errors": 0,
  "accuracy": 0.8,
  "timeout_rate": 0.0,
  "error_rate": 0.0,
  "avg_wall_time_s": 17.658521795272826,
  "std_wall_time_s": 5.996696688933503,
  "p50_wall_time_s": 19.768211841583252,
  "p90_wall_time_s": 23.114600896835327,
  "total_wall_time_s": 88.29260897636414,
  "samples_per_sec": 0.05662988168509661,
  "steps_per_sec": 1.1892275153870289,
  "avg_total_steps": 21.0,
  "avg_latent_steps": 21.0,
  "avg_explicit_tokens": 0.0,
  "avg_switches": 4.8,
  "std_switches": 4.1182520563948,
  "avg_top_k_mass": 1.0,
  "avg_peak_mem_gb": 3.6636476416,
  "max_peak_mem_gb": 3.770136064,
  "avg_bridge_rate": 0.0,
  "avg_bytes_per_step": 400.0,
  "avg_bytes_total": 8400.0,
  "timestamp": "2025-12-25T00:12:08.579006"
}