{
  "exp_id": "A1.1",
  "seed": 43,
  "config": {
    "alpha": 0.6,
    "w": null,
    "cap": 10,
    "k": 50,
    "tau": null,
    "lambda": null,
    "max_steps": 40,
    "max_handoffs": 2,
    "max_new_tokens": 768,
    "id": "A1.1",
    "soft_mode": "deterministic"
  },
  "n_samples": 50,
  "n_valid": 50,
  "n_timeouts": 0,
  "n_errors": 0,
  "accuracy": 0.8,
  "timeout_rate": 0.0,
  "error_rate": 0.0,
  "avg_wall_time_s": 7.968422465324402,
  "std_wall_time_s": 3.070739635163801,
  "p50_wall_time_s": 7.373049259185791,
  "p90_wall_time_s": 13.288551902770998,
  "total_wall_time_s": 398.4211232662201,
  "samples_per_sec": 0.12549535423750768,
  "steps_per_sec": 0.4066049477295249,
  "avg_total_steps": 3.24,
  "avg_latent_steps": 3.24,
  "avg_explicit_tokens": 0.0,
  "avg_switches": 0.1,
  "std_switches": 0.412310562561766,
  "avg_top_k_mass": 1.0,
  "avg_peak_mem_gb": 3.24314699776,
  "max_peak_mem_gb": 3.266213376,
  "avg_bridge_rate": 0.0,
  "avg_bytes_per_step": 400.0,
  "avg_bytes_total": 1296.0,
  "timestamp": "2025-12-21T01:06:00.994403"
}