{
  "exp_id": "A1.2",
  "seed": 44,
  "config": {
    "alpha": 0.6,
    "w": null,
    "cap": 10,
    "k": 50,
    "tau": 0.5,
    "lambda": null,
    "max_steps": 40,
    "max_handoffs": 2,
    "max_new_tokens": 768,
    "id": "A1.2",
    "soft_mode": "gumbel"
  },
  "n_samples": 50,
  "n_valid": 50,
  "n_timeouts": 0,
  "n_errors": 0,
  "accuracy": 0.74,
  "timeout_rate": 0.0,
  "error_rate": 0.0,
  "avg_wall_time_s": 7.564540910720825,
  "std_wall_time_s": 2.8686105692146384,
  "p50_wall_time_s": 6.903703927993774,
  "p90_wall_time_s": 11.41430699825287,
  "total_wall_time_s": 378.22704553604126,
  "samples_per_sec": 0.13219572896786805,
  "steps_per_sec": 0.33048932241967016,
  "avg_total_steps": 2.5,
  "avg_latent_steps": 2.5,
  "avg_explicit_tokens": 0.0,
  "avg_switches": 0.02,
  "std_switches": 0.13999999999999999,
  "avg_top_k_mass": 1.0,
  "avg_peak_mem_gb": 3.2437156864000003,
  "max_peak_mem_gb": 3.266678272,
  "avg_bridge_rate": 0.0,
  "avg_bytes_per_step": 400.0,
  "avg_bytes_total": 1000.0,
  "timestamp": "2025-12-21T01:32:03.406163",
  "kl_drift": 4.712605765351785,
  "cosine_drift": 0.22754034994897387,
  "drift_events": 0.16
}