{
  "exp_id": "A1.2",
  "seed": 43,
  "config": {
    "alpha": 0.6,
    "w": null,
    "cap": 10,
    "k": 50,
    "tau": 0.5,
    "lambda": null,
    "max_steps": 40,
    "max_handoffs": 2,
    "max_new_tokens": 768,
    "id": "A1.2",
    "soft_mode": "gumbel"
  },
  "n_samples": 50,
  "n_valid": 50,
  "n_timeouts": 0,
  "n_errors": 0,
  "accuracy": 0.76,
  "timeout_rate": 0.0,
  "error_rate": 0.0,
  "avg_wall_time_s": 7.988835158348084,
  "std_wall_time_s": 3.469594849482287,
  "p50_wall_time_s": 7.118379235267639,
  "p90_wall_time_s": 13.852150225639344,
  "total_wall_time_s": 399.4417579174042,
  "samples_per_sec": 0.12517469445530255,
  "steps_per_sec": 0.3529926383639532,
  "avg_total_steps": 2.82,
  "avg_latent_steps": 2.82,
  "avg_explicit_tokens": 0.0,
  "avg_switches": 0.08,
  "std_switches": 0.3370459909270544,
  "avg_top_k_mass": 1.0,
  "avg_peak_mem_gb": 3.24373518336,
  "max_peak_mem_gb": 3.266878976,
  "avg_bridge_rate": 0.0,
  "avg_bytes_per_step": 400.0,
  "avg_bytes_total": 1128.0,
  "timestamp": "2025-12-21T01:25:45.044916",
  "kl_drift": 6.175235761343675,
  "cosine_drift": 0.29224879918921565,
  "drift_events": 0.22
}