{
  "exp_id": "A1.2",
  "seed": 42,
  "config": {
    "alpha": 0.6,
    "w": null,
    "cap": 10,
    "k": 50,
    "tau": 0.5,
    "lambda": null,
    "max_steps": 40,
    "max_handoffs": 2,
    "max_new_tokens": 768,
    "id": "A1.2",
    "soft_mode": "gumbel"
  },
  "n_samples": 50,
  "n_valid": 50,
  "n_timeouts": 0,
  "n_errors": 0,
  "accuracy": 0.84,
  "timeout_rate": 0.0,
  "error_rate": 0.0,
  "avg_wall_time_s": 7.715055694580078,
  "std_wall_time_s": 3.211097876547603,
  "p50_wall_time_s": 7.166999578475952,
  "p90_wall_time_s": 11.787795972824098,
  "total_wall_time_s": 385.7527847290039,
  "samples_per_sec": 0.12961669229458866,
  "steps_per_sec": 0.3577420707330647,
  "avg_total_steps": 2.76,
  "avg_latent_steps": 2.76,
  "avg_explicit_tokens": 0.0,
  "avg_switches": 0.14,
  "std_switches": 0.49030602688525043,
  "avg_top_k_mass": 1.0,
  "avg_peak_mem_gb": 3.2437317427199996,
  "max_peak_mem_gb": 3.266592256,
  "avg_bridge_rate": 0.0,
  "avg_bytes_per_step": 400.0,
  "avg_bytes_total": 1104.0,
  "timestamp": "2025-12-21T01:19:05.469406",
  "kl_drift": 5.900157590995442,
  "cosine_drift": 0.2740198622388499,
  "drift_events": 0.18
}