{
  "exp_id": "A1.3",
  "seed": 42,
  "config": {
    "alpha": 0.6,
    "w": null,
    "cap": 10,
    "k": 50,
    "tau": 1.0,
    "lambda": null,
    "max_steps": 40,
    "max_handoffs": 2,
    "max_new_tokens": 768,
    "id": "A1.3",
    "soft_mode": "gumbel"
  },
  "n_samples": 50,
  "n_valid": 50,
  "n_timeouts": 0,
  "n_errors": 0,
  "accuracy": 0.76,
  "timeout_rate": 0.0,
  "error_rate": 0.0,
  "avg_wall_time_s": 8.025463829040527,
  "std_wall_time_s": 3.2539490049774606,
  "p50_wall_time_s": 7.189945459365845,
  "p90_wall_time_s": 11.894439888000491,
  "total_wall_time_s": 401.27319145202637,
  "samples_per_sec": 0.12460339007216653,
  "steps_per_sec": 0.4386039330540262,
  "avg_total_steps": 3.52,
  "avg_latent_steps": 3.52,
  "avg_explicit_tokens": 0.0,
  "avg_switches": 0.22,
  "std_switches": 0.6095900261651268,
  "avg_top_k_mass": 1.0,
  "avg_peak_mem_gb": 3.2437747507200005,
  "max_peak_mem_gb": 3.26693632,
  "avg_bridge_rate": 0.0,
  "avg_bytes_per_step": 400.0,
  "avg_bytes_total": 1408.0,
  "timestamp": "2025-12-21T01:38:44.816853",
  "kl_drift": 5.934258600173561,
  "cosine_drift": 0.28440119515856105,
  "drift_events": 0.18
}