{
  "exp_id": "A1.3",
  "seed": 43,
  "config": {
    "alpha": 0.6,
    "w": null,
    "cap": 10,
    "k": 50,
    "tau": 1.0,
    "lambda": null,
    "max_steps": 40,
    "max_handoffs": 2,
    "max_new_tokens": 768,
    "id": "A1.3",
    "soft_mode": "gumbel"
  },
  "n_samples": 50,
  "n_valid": 50,
  "n_timeouts": 0,
  "n_errors": 0,
  "accuracy": 0.76,
  "timeout_rate": 0.0,
  "error_rate": 0.0,
  "avg_wall_time_s": 7.691779727935791,
  "std_wall_time_s": 2.9074919208868093,
  "p50_wall_time_s": 6.9771353006362915,
  "p90_wall_time_s": 11.299640130996705,
  "total_wall_time_s": 384.58898639678955,
  "samples_per_sec": 0.13000892321033297,
  "steps_per_sec": 0.49403390819926524,
  "avg_total_steps": 3.8,
  "avg_latent_steps": 3.8,
  "avg_explicit_tokens": 0.0,
  "avg_switches": 0.34,
  "std_switches": 0.8151073548925932,
  "avg_top_k_mass": 1.0,
  "avg_peak_mem_gb": 3.2437867929600004,
  "max_peak_mem_gb": 3.267051008,
  "avg_bridge_rate": 0.0,
  "avg_bytes_per_step": 400.0,
  "avg_bytes_total": 1520.0,
  "timestamp": "2025-12-21T01:45:09.535873",
  "kl_drift": 5.892644333801384,
  "cosine_drift": 0.2842113516732814,
  "drift_events": 0.26
}