{
  "exp_id": "A1.3",
  "seed": 44,
  "config": {
    "alpha": 0.6,
    "w": null,
    "cap": 10,
    "k": 50,
    "tau": 1.0,
    "lambda": null,
    "max_steps": 40,
    "max_handoffs": 2,
    "max_new_tokens": 768,
    "id": "A1.3",
    "soft_mode": "gumbel"
  },
  "n_samples": 50,
  "n_valid": 50,
  "n_timeouts": 0,
  "n_errors": 0,
  "accuracy": 0.66,
  "timeout_rate": 0.0,
  "error_rate": 0.0,
  "avg_wall_time_s": 7.654652829170227,
  "std_wall_time_s": 3.3030114453984045,
  "p50_wall_time_s": 6.723382472991943,
  "p90_wall_time_s": 11.320688533782961,
  "total_wall_time_s": 382.73264145851135,
  "samples_per_sec": 0.1306394976123824,
  "steps_per_sec": 0.5068812507360437,
  "avg_total_steps": 3.88,
  "avg_latent_steps": 3.88,
  "avg_explicit_tokens": 0.0,
  "avg_switches": 0.2,
  "std_switches": 0.7211102550927979,
  "avg_top_k_mass": 1.00015625,
  "avg_peak_mem_gb": 3.2437953945599998,
  "max_peak_mem_gb": 3.266735616,
  "avg_bridge_rate": 0.0,
  "avg_bytes_per_step": 400.0,
  "avg_bytes_total": 1552.0,
  "timestamp": "2025-12-21T01:51:32.406646",
  "kl_drift": 5.28031128857217,
  "cosine_drift": 0.2613465045747303,
  "drift_events": 0.26
}