{
  "exp_id": "A1.4",
  "seed": 42,
  "config": {
    "alpha": 0.6,
    "w": null,
    "cap": 10,
    "k": 50,
    "tau": 2.0,
    "lambda": null,
    "max_steps": 40,
    "max_handoffs": 2,
    "max_new_tokens": 768,
    "id": "A1.4",
    "soft_mode": "gumbel"
  },
  "n_samples": 50,
  "n_valid": 50,
  "n_timeouts": 0,
  "n_errors": 0,
  "accuracy": 0.76,
  "timeout_rate": 0.0,
  "error_rate": 0.0,
  "avg_wall_time_s": 8.03823856830597,
  "std_wall_time_s": 3.3504783887539147,
  "p50_wall_time_s": 7.272253632545471,
  "p90_wall_time_s": 13.296540570259095,
  "total_wall_time_s": 401.91192841529846,
  "samples_per_sec": 0.12440536462091427,
  "steps_per_sec": 0.8683494450539816,
  "avg_total_steps": 6.98,
  "avg_latent_steps": 6.98,
  "avg_explicit_tokens": 0.0,
  "avg_switches": 1.06,
  "std_switches": 1.461642911247477,
  "avg_top_k_mass": 0.999453125,
  "avg_peak_mem_gb": 3.24397201408,
  "max_peak_mem_gb": 3.267165696,
  "avg_bridge_rate": 0.0,
  "avg_bytes_per_step": 400.0,
  "avg_bytes_total": 2792.0,
  "timestamp": "2025-12-21T01:58:14.453246",
  "kl_drift": 4.424324913488701,
  "cosine_drift": 0.28118748729427656,
  "drift_events": 0.38
}