{
  "exp_id": "A1.4",
  "seed": 44,
  "config": {
    "alpha": 0.6,
    "w": null,
    "cap": 10,
    "k": 50,
    "tau": 2.0,
    "lambda": null,
    "max_steps": 40,
    "max_handoffs": 2,
    "max_new_tokens": 768,
    "id": "A1.4",
    "soft_mode": "gumbel"
  },
  "n_samples": 50,
  "n_valid": 50,
  "n_timeouts": 0,
  "n_errors": 0,
  "accuracy": 0.74,
  "timeout_rate": 0.0,
  "error_rate": 0.0,
  "avg_wall_time_s": 7.800742130279541,
  "std_wall_time_s": 3.0434421519022634,
  "p50_wall_time_s": 7.34576940536499,
  "p90_wall_time_s": 11.489803051948549,
  "total_wall_time_s": 390.03710651397705,
  "samples_per_sec": 0.12819293130052034,
  "steps_per_sec": 0.9127336708597049,
  "avg_total_steps": 7.12,
  "avg_latent_steps": 7.12,
  "avg_explicit_tokens": 0.0,
  "avg_switches": 1.2,
  "std_switches": 1.7320508075688772,
  "avg_top_k_mass": 0.999609375,
  "avg_peak_mem_gb": 3.24397889536,
  "max_peak_mem_gb": 3.26707968,
  "avg_bridge_rate": 0.0,
  "avg_bytes_per_step": 400.0,
  "avg_bytes_total": 2848.0,
  "timestamp": "2025-12-21T02:11:30.395024",
  "kl_drift": 4.207083945993078,
  "cosine_drift": 0.26288451089745474,
  "drift_events": 0.4
}