{
  "exp_id": "A1.4",
  "seed": 43,
  "config": {
    "alpha": 0.6,
    "w": null,
    "cap": 10,
    "k": 50,
    "tau": 2.0,
    "lambda": null,
    "max_steps": 40,
    "max_handoffs": 2,
    "max_new_tokens": 768,
    "id": "A1.4",
    "soft_mode": "gumbel"
  },
  "n_samples": 50,
  "n_valid": 50,
  "n_timeouts": 0,
  "n_errors": 0,
  "accuracy": 0.82,
  "timeout_rate": 0.0,
  "error_rate": 0.0,
  "avg_wall_time_s": 8.112591061592102,
  "std_wall_time_s": 3.399826302915871,
  "p50_wall_time_s": 6.853423833847046,
  "p90_wall_time_s": 12.950833177566528,
  "total_wall_time_s": 405.6295530796051,
  "samples_per_sec": 0.12326518031142436,
  "steps_per_sec": 0.8382032261176856,
  "avg_total_steps": 6.8,
  "avg_latent_steps": 6.8,
  "avg_explicit_tokens": 0.0,
  "avg_switches": 1.1,
  "std_switches": 1.7691806012954134,
  "avg_top_k_mass": 0.999765625,
  "avg_peak_mem_gb": 3.2439616921599996,
  "max_peak_mem_gb": 3.267051008,
  "avg_bridge_rate": 0.0,
  "avg_bytes_per_step": 400.0,
  "avg_bytes_total": 2720.0,
  "timestamp": "2025-12-21T02:05:00.219688",
  "kl_drift": 4.03197420476199,
  "cosine_drift": 0.2727309813556217,
  "drift_events": 0.52
}