{
  "exp_id": "A1.5",
  "seed": 42,
  "config": {
    "alpha": 0.6,
    "w": null,
    "cap": 10,
    "k": 50,
    "tau": null,
    "lambda": 20,
    "max_steps": 40,
    "max_handoffs": 2,
    "max_new_tokens": 768,
    "id": "A1.5",
    "soft_mode": "dirichlet"
  },
  "n_samples": 50,
  "n_valid": 50,
  "n_timeouts": 0,
  "n_errors": 0,
  "accuracy": 0.88,
  "timeout_rate": 0.0,
  "error_rate": 0.0,
  "avg_wall_time_s": 7.76185631275177,
  "std_wall_time_s": 3.1320538807493508,
  "p50_wall_time_s": 6.952005505561829,
  "p90_wall_time_s": 11.776320552825931,
  "total_wall_time_s": 388.0928156375885,
  "samples_per_sec": 0.12883516000639225,
  "steps_per_sec": 0.365891854418154,
  "avg_total_steps": 2.84,
  "avg_latent_steps": 2.84,
  "avg_explicit_tokens": 0.0,
  "avg_switches": 0.02,
  "std_switches": 0.13999999999999999,
  "avg_top_k_mass": 0.996328125,
  "avg_peak_mem_gb": 3.2431275008,
  "max_peak_mem_gb": 3.266156032,
  "avg_bridge_rate": 0.0,
  "avg_bytes_per_step": 400.0,
  "avg_bytes_total": 1136.0,
  "timestamp": "2025-12-21T02:17:58.622332",
  "kl_drift": 3.2390378717853903,
  "cosine_drift": 0.1785096693634987,
  "drift_events": 0.18
}