{
  "exp_id": "A1.5",
  "seed": 44,
  "config": {
    "alpha": 0.6,
    "w": null,
    "cap": 10,
    "k": 50,
    "tau": null,
    "lambda": 20,
    "max_steps": 40,
    "max_handoffs": 2,
    "max_new_tokens": 768,
    "id": "A1.5",
    "soft_mode": "dirichlet"
  },
  "n_samples": 50,
  "n_valid": 50,
  "n_timeouts": 0,
  "n_errors": 0,
  "accuracy": 0.78,
  "timeout_rate": 0.0,
  "error_rate": 0.0,
  "avg_wall_time_s": 7.676189970970154,
  "std_wall_time_s": 2.9215574374993314,
  "p50_wall_time_s": 7.136691331863403,
  "p90_wall_time_s": 12.531390237808228,
  "total_wall_time_s": 383.8094985485077,
  "samples_per_sec": 0.13027296142771402,
  "steps_per_sec": 0.3960298027402506,
  "avg_total_steps": 3.04,
  "avg_latent_steps": 3.04,
  "avg_explicit_tokens": 0.0,
  "avg_switches": 0.08,
  "std_switches": 0.39191835884530857,
  "avg_top_k_mass": 0.995859375,
  "avg_peak_mem_gb": 3.24313724928,
  "max_peak_mem_gb": 3.26612736,
  "avg_bridge_rate": 0.0,
  "avg_bytes_per_step": 400.0,
  "avg_bytes_total": 1216.0,
  "timestamp": "2025-12-21T02:30:44.131979",
  "kl_drift": 2.3298613547555966,
  "cosine_drift": 0.12095033601919811,
  "drift_events": 0.14
}