{
  "exp_id": "A1.5",
  "seed": 43,
  "config": {
    "alpha": 0.6,
    "w": null,
    "cap": 10,
    "k": 50,
    "tau": null,
    "lambda": 20,
    "max_steps": 40,
    "max_handoffs": 2,
    "max_new_tokens": 768,
    "id": "A1.5",
    "soft_mode": "dirichlet"
  },
  "n_samples": 50,
  "n_valid": 50,
  "n_timeouts": 0,
  "n_errors": 0,
  "accuracy": 0.8,
  "timeout_rate": 0.0,
  "error_rate": 0.0,
  "avg_wall_time_s": 7.628518090248108,
  "std_wall_time_s": 3.0381928769376287,
  "p50_wall_time_s": 6.7953561544418335,
  "p90_wall_time_s": 13.14004099369049,
  "total_wall_time_s": 381.4259045124054,
  "samples_per_sec": 0.13108705887167613,
  "steps_per_sec": 0.4640481884057335,
  "avg_total_steps": 3.54,
  "avg_latent_steps": 3.54,
  "avg_explicit_tokens": 0.0,
  "avg_switches": 0.2,
  "std_switches": 0.5291502622129182,
  "avg_top_k_mass": 0.995625,
  "avg_peak_mem_gb": 3.2431664947200005,
  "max_peak_mem_gb": 3.266213376,
  "avg_bridge_rate": 0.0,
  "avg_bytes_per_step": 400.0,
  "avg_bytes_total": 1416.0,
  "timestamp": "2025-12-21T02:24:20.185842",
  "kl_drift": 3.4231930126891013,
  "cosine_drift": 0.17084803421582495,
  "drift_events": 0.24
}