{
  "exp_id": "A1.6",
  "seed": 44,
  "config": {
    "alpha": 0.6,
    "w": null,
    "cap": 10,
    "k": 50,
    "tau": null,
    "lambda": 50,
    "max_steps": 40,
    "max_handoffs": 2,
    "max_new_tokens": 768,
    "id": "A1.6",
    "soft_mode": "dirichlet"
  },
  "n_samples": 50,
  "n_valid": 50,
  "n_timeouts": 0,
  "n_errors": 0,
  "accuracy": 0.8,
  "timeout_rate": 0.0,
  "error_rate": 0.0,
  "avg_wall_time_s": 8.089072709083558,
  "std_wall_time_s": 3.5882273664367723,
  "p50_wall_time_s": 7.230799674987793,
  "p90_wall_time_s": 13.762367200851441,
  "total_wall_time_s": 404.45363545417786,
  "samples_per_sec": 0.12362356427790026,
  "steps_per_sec": 0.39806787697483886,
  "avg_total_steps": 3.22,
  "avg_latent_steps": 3.22,
  "avg_explicit_tokens": 0.0,
  "avg_switches": 0.14,
  "std_switches": 0.4903060268852505,
  "avg_top_k_mass": 0.9965625,
  "avg_peak_mem_gb": 3.24314814464,
  "max_peak_mem_gb": 3.266041344,
  "avg_bridge_rate": 0.0,
  "avg_bytes_per_step": 400.0,
  "avg_bytes_total": 1288.0,
  "timestamp": "2025-12-21T02:50:39.848541",
  "kl_drift": 1.9060813742957703,
  "cosine_drift": 0.10033518890539804,
  "drift_events": 0.16
}