{
  "exp_id": "A1.6",
  "seed": 42,
  "config": {
    "alpha": 0.6,
    "w": null,
    "cap": 10,
    "k": 50,
    "tau": null,
    "lambda": 50,
    "max_steps": 40,
    "max_handoffs": 2,
    "max_new_tokens": 768,
    "id": "A1.6",
    "soft_mode": "dirichlet"
  },
  "n_samples": 50,
  "n_valid": 50,
  "n_timeouts": 0,
  "n_errors": 0,
  "accuracy": 0.76,
  "timeout_rate": 0.0,
  "error_rate": 0.0,
  "avg_wall_time_s": 7.938193120956421,
  "std_wall_time_s": 3.152375160251583,
  "p50_wall_time_s": 7.333712697029114,
  "p90_wall_time_s": 13.311118435859681,
  "total_wall_time_s": 396.90965604782104,
  "samples_per_sec": 0.12597325169125093,
  "steps_per_sec": 0.4283090557502532,
  "avg_total_steps": 3.4,
  "avg_latent_steps": 3.4,
  "avg_explicit_tokens": 0.0,
  "avg_switches": 0.16,
  "std_switches": 0.5425863986500215,
  "avg_top_k_mass": 0.996640625,
  "avg_peak_mem_gb": 3.24315731968,
  "max_peak_mem_gb": 3.266242048,
  "avg_bridge_rate": 0.0,
  "avg_bytes_per_step": 400.0,
  "avg_bytes_total": 1360.0,
  "timestamp": "2025-12-21T02:37:21.178001",
  "kl_drift": 2.0214753120364124,
  "cosine_drift": 0.1027383154091381,
  "drift_events": 0.16
}