{
  "exp_id": "A1.6",
  "seed": 43,
  "config": {
    "alpha": 0.6,
    "w": null,
    "cap": 10,
    "k": 50,
    "tau": null,
    "lambda": 50,
    "max_steps": 40,
    "max_handoffs": 2,
    "max_new_tokens": 768,
    "id": "A1.6",
    "soft_mode": "dirichlet"
  },
  "n_samples": 50,
  "n_valid": 50,
  "n_timeouts": 0,
  "n_errors": 0,
  "accuracy": 0.78,
  "timeout_rate": 0.0,
  "error_rate": 0.0,
  "avg_wall_time_s": 7.87885317325592,
  "std_wall_time_s": 3.3614742127484045,
  "p50_wall_time_s": 7.172993898391724,
  "p90_wall_time_s": 13.683517265319825,
  "total_wall_time_s": 393.942658662796,
  "samples_per_sec": 0.12692202507268605,
  "steps_per_sec": 0.42645800424422514,
  "avg_total_steps": 3.36,
  "avg_latent_steps": 3.36,
  "avg_explicit_tokens": 0.0,
  "avg_switches": 0.18,
  "std_switches": 0.554616984954482,
  "avg_top_k_mass": 0.99640625,
  "avg_peak_mem_gb": 3.2431561727999996,
  "max_peak_mem_gb": 3.266156032,
  "avg_bridge_rate": 0.0,
  "avg_bytes_per_step": 400.0,
  "avg_bytes_total": 1344.0,
  "timestamp": "2025-12-21T02:43:55.257477",
  "kl_drift": 1.3323337904331702,
  "cosine_drift": 0.07960087473193805,
  "drift_events": 0.12
}