{
  "exp_id": "A1.7",
  "seed": 42,
  "config": {
    "alpha": 0.6,
    "w": null,
    "cap": 10,
    "k": 50,
    "tau": null,
    "lambda": 100,
    "max_steps": 40,
    "max_handoffs": 2,
    "max_new_tokens": 768,
    "id": "A1.7",
    "soft_mode": "dirichlet"
  },
  "n_samples": 50,
  "n_valid": 50,
  "n_timeouts": 0,
  "n_errors": 0,
  "accuracy": 0.74,
  "timeout_rate": 0.0,
  "error_rate": 0.0,
  "avg_wall_time_s": 7.649636578559876,
  "std_wall_time_s": 2.9899296357239127,
  "p50_wall_time_s": 6.9497411251068115,
  "p90_wall_time_s": 12.851018977165223,
  "total_wall_time_s": 382.4818289279938,
  "samples_per_sec": 0.13072516448725993,
  "steps_per_sec": 0.40786251320025096,
  "avg_total_steps": 3.12,
  "avg_latent_steps": 3.12,
  "avg_explicit_tokens": 0.0,
  "avg_switches": 0.08,
  "std_switches": 0.39191835884530857,
  "avg_top_k_mass": 0.99734375,
  "avg_peak_mem_gb": 3.2431441305599997,
  "max_peak_mem_gb": 3.266070016,
  "avg_bridge_rate": 0.0,
  "avg_bytes_per_step": 400.0,
  "avg_bytes_total": 1248.0,
  "timestamp": "2025-12-21T02:57:02.464758",
  "kl_drift": 1.3830875058693248,
  "cosine_drift": 0.07802500194594975,
  "drift_events": 0.2
}