{
  "exp_id": "A1.7",
  "seed": 44,
  "config": {
    "alpha": 0.6,
    "w": null,
    "cap": 10,
    "k": 50,
    "tau": null,
    "lambda": 100,
    "max_steps": 40,
    "max_handoffs": 2,
    "max_new_tokens": 768,
    "id": "A1.7",
    "soft_mode": "dirichlet"
  },
  "n_samples": 50,
  "n_valid": 50,
  "n_timeouts": 0,
  "n_errors": 0,
  "accuracy": 0.78,
  "timeout_rate": 0.0,
  "error_rate": 0.0,
  "avg_wall_time_s": 8.214697394371033,
  "std_wall_time_s": 3.3609254384105522,
  "p50_wall_time_s": 7.441684603691101,
  "p90_wall_time_s": 13.301739573478699,
  "total_wall_time_s": 410.73486971855164,
  "samples_per_sec": 0.12173302947047462,
  "steps_per_sec": 0.4138923001996137,
  "avg_total_steps": 3.4,
  "avg_latent_steps": 3.4,
  "avg_explicit_tokens": 0.0,
  "avg_switches": 0.16,
  "std_switches": 0.5425863986500215,
  "avg_top_k_mass": 0.996953125,
  "avg_peak_mem_gb": 3.24315674624,
  "max_peak_mem_gb": 3.266213376,
  "avg_bridge_rate": 0.0,
  "avg_bytes_per_step": 400.0,
  "avg_bytes_total": 1360.0,
  "timestamp": "2025-12-21T03:10:32.685423",
  "kl_drift": 1.7130869411679652,
  "cosine_drift": 0.08972638788819313,
  "drift_events": 0.16
}