{
  "exp_id": "A1.7",
  "seed": 43,
  "config": {
    "alpha": 0.6,
    "w": null,
    "cap": 10,
    "k": 50,
    "tau": null,
    "lambda": 100,
    "max_steps": 40,
    "max_handoffs": 2,
    "max_new_tokens": 768,
    "id": "A1.7",
    "soft_mode": "dirichlet"
  },
  "n_samples": 50,
  "n_valid": 50,
  "n_timeouts": 0,
  "n_errors": 0,
  "accuracy": 0.76,
  "timeout_rate": 0.0,
  "error_rate": 0.0,
  "avg_wall_time_s": 7.984240193367004,
  "std_wall_time_s": 3.228287487848116,
  "p50_wall_time_s": 7.362743377685547,
  "p90_wall_time_s": 13.27967040538788,
  "total_wall_time_s": 399.2120096683502,
  "samples_per_sec": 0.1252467330367592,
  "steps_per_sec": 0.4007895457176295,
  "avg_total_steps": 3.2,
  "avg_latent_steps": 3.2,
  "avg_explicit_tokens": 0.0,
  "avg_switches": 0.06,
  "std_switches": 0.31048349392520047,
  "avg_top_k_mass": 0.99671875,
  "avg_peak_mem_gb": 3.2431452774399996,
  "max_peak_mem_gb": 3.266213376,
  "avg_bridge_rate": 0.0,
  "avg_bytes_per_step": 400.0,
  "avg_bytes_total": 1280.0,
  "timestamp": "2025-12-21T03:03:41.810800",
  "kl_drift": 1.5845029136211082,
  "cosine_drift": 0.09481249197749865,
  "drift_events": 0.22
}