{
  "exp_id": "A2.1",
  "seed": 42,
  "config": {
    "alpha": 0.6,
    "w": null,
    "cap": -1,
    "k": 50,
    "tau": null,
    "lambda": null,
    "max_steps": 40,
    "max_handoffs": 2,
    "max_new_tokens": 768,
    "id": "A2.1",
    "gate": "threshold"
  },
  "n_samples": 50,
  "n_valid": 50,
  "n_timeouts": 0,
  "n_errors": 0,
  "accuracy": 0.78,
  "timeout_rate": 0.0,
  "error_rate": 0.0,
  "avg_wall_time_s": 8.023073878288269,
  "std_wall_time_s": 3.321596036617655,
  "p50_wall_time_s": 7.392551422119141,
  "p90_wall_time_s": 13.785758447647094,
  "total_wall_time_s": 401.15369391441345,
  "samples_per_sec": 0.12464050751248361,
  "steps_per_sec": 0.44122739659419197,
  "avg_total_steps": 3.54,
  "avg_latent_steps": 3.54,
  "avg_explicit_tokens": 0.0,
  "avg_switches": 0.18,
  "std_switches": 0.554616984954482,
  "avg_top_k_mass": 1.0,
  "avg_peak_mem_gb": 3.24316420096,
  "max_peak_mem_gb": 3.266213376,
  "avg_bridge_rate": 0.0,
  "avg_bytes_per_step": 400.0,
  "avg_bytes_total": 1416.0,
  "timestamp": "2025-12-21T03:17:19.569658"
}