{
  "exp_id": "A2.2",
  "seed": 43,
  "config": {
    "alpha": 0.6,
    "w": 3,
    "cap": -1,
    "k": 50,
    "tau": null,
    "lambda": null,
    "max_steps": 40,
    "max_handoffs": 2,
    "max_new_tokens": 768,
    "id": "A2.2",
    "gate": "trend"
  },
  "n_samples": 50,
  "n_valid": 50,
  "n_timeouts": 0,
  "n_errors": 0,
  "accuracy": 0.76,
  "timeout_rate": 0.0,
  "error_rate": 0.0,
  "avg_wall_time_s": 7.985204963684082,
  "std_wall_time_s": 3.3300366048774306,
  "p50_wall_time_s": 7.215825200080872,
  "p90_wall_time_s": 13.68549017906189,
  "total_wall_time_s": 399.2602481842041,
  "samples_per_sec": 0.12523160076014336,
  "steps_per_sec": 0.4157689145236759,
  "avg_total_steps": 3.32,
  "avg_latent_steps": 3.32,
  "avg_explicit_tokens": 0.0,
  "avg_switches": 0.32,
  "std_switches": 0.8109253973085317,
  "avg_top_k_mass": 0.999921875,
  "avg_peak_mem_gb": 3.2431515852799997,
  "max_peak_mem_gb": 3.26612736,
  "avg_bridge_rate": 0.0,
  "avg_bytes_per_step": 400.0,
  "avg_bytes_total": 1328.0,
  "timestamp": "2025-12-21T03:43:58.851447",
  "kl_drift": 0.0,
  "cosine_drift": 1.2440247668160333e-05,
  "drift_events": 0.0
}