{
  "exp_id": "A2.4",
  "seed": 42,
  "config": {
    "alpha": 0.6,
    "w": 10,
    "cap": -1,
    "k": 50,
    "tau": null,
    "lambda": null,
    "max_steps": 40,
    "max_handoffs": 2,
    "max_new_tokens": 768,
    "id": "A2.4",
    "gate": "trend"
  },
  "n_samples": 50,
  "n_valid": 50,
  "n_timeouts": 0,
  "n_errors": 0,
  "accuracy": 0.78,
  "timeout_rate": 0.0,
  "error_rate": 0.0,
  "avg_wall_time_s": 8.036111998558045,
  "std_wall_time_s": 3.3261695516881056,
  "p50_wall_time_s": 7.390880823135376,
  "p90_wall_time_s": 13.691371321678162,
  "total_wall_time_s": 401.8055999279022,
  "samples_per_sec": 0.12443828560122538,
  "steps_per_sec": 0.4305564681802398,
  "avg_total_steps": 3.46,
  "avg_latent_steps": 3.46,
  "avg_explicit_tokens": 0.0,
  "avg_switches": 0.0,
  "std_switches": 0.0,
  "avg_top_k_mass": 1.0,
  "avg_peak_mem_gb": 3.24315961344,
  "max_peak_mem_gb": 3.266213376,
  "avg_bridge_rate": 0.0,
  "avg_bytes_per_step": 400.0,
  "avg_bytes_total": 1384.0,
  "timestamp": "2025-12-21T04:17:16.358181",
  "kl_drift": 0.0,
  "cosine_drift": 1.2619352529919336e-05,
  "drift_events": 0.0
}