{
  "exp_id": "A2.5",
  "seed": 43,
  "config": {
    "alpha": 0.6,
    "w": 5,
    "cap": 2,
    "k": 50,
    "tau": null,
    "lambda": null,
    "max_steps": 40,
    "max_handoffs": 2,
    "max_new_tokens": 768,
    "id": "A2.5",
    "gate": "trend"
  },
  "n_samples": 50,
  "n_valid": 50,
  "n_timeouts": 0,
  "n_errors": 0,
  "accuracy": 0.8,
  "timeout_rate": 0.0,
  "error_rate": 0.0,
  "avg_wall_time_s": 7.970942974090576,
  "std_wall_time_s": 3.0657685493555644,
  "p50_wall_time_s": 7.389301776885986,
  "p90_wall_time_s": 13.272801804542542,
  "total_wall_time_s": 398.5471487045288,
  "samples_per_sec": 0.1254556710856525,
  "steps_per_sec": 0.4064763743175141,
  "avg_total_steps": 3.24,
  "avg_latent_steps": 3.24,
  "avg_explicit_tokens": 0.0,
  "avg_switches": 0.1,
  "std_switches": 0.412310562561766,
  "avg_top_k_mass": 1.0,
  "avg_peak_mem_gb": 3.24314699776,
  "max_peak_mem_gb": 3.266213376,
  "avg_bridge_rate": 0.0,
  "avg_bytes_per_step": 400.0,
  "avg_bytes_total": 1296.0,
  "timestamp": "2025-12-21T04:43:57.720479",
  "kl_drift": 0.0,
  "cosine_drift": 1.277044037031749e-05,
  "drift_events": 0.0
}