{
  "exp_id": "A2.5",
  "seed": 44,
  "config": {
    "alpha": 0.6,
    "w": 5,
    "cap": 2,
    "k": 50,
    "tau": null,
    "lambda": null,
    "max_steps": 40,
    "max_handoffs": 2,
    "max_new_tokens": 768,
    "id": "A2.5",
    "gate": "trend"
  },
  "n_samples": 50,
  "n_valid": 50,
  "n_timeouts": 0,
  "n_errors": 0,
  "accuracy": 0.8,
  "timeout_rate": 0.0,
  "error_rate": 0.0,
  "avg_wall_time_s": 7.970505385398865,
  "std_wall_time_s": 3.064758514225599,
  "p50_wall_time_s": 7.389446020126343,
  "p90_wall_time_s": 13.264481949806214,
  "total_wall_time_s": 398.52526926994324,
  "samples_per_sec": 0.12546255872706588,
  "steps_per_sec": 0.40649869027569346,
  "avg_total_steps": 3.24,
  "avg_latent_steps": 3.24,
  "avg_explicit_tokens": 0.0,
  "avg_switches": 0.1,
  "std_switches": 0.412310562561766,
  "avg_top_k_mass": 1.0,
  "avg_peak_mem_gb": 3.24314699776,
  "max_peak_mem_gb": 3.266213376,
  "avg_bridge_rate": 0.0,
  "avg_bytes_per_step": 400.0,
  "avg_bytes_total": 1296.0,
  "timestamp": "2025-12-21T04:50:36.379274",
  "kl_drift": 0.0,
  "cosine_drift": 1.277044037031749e-05,
  "drift_events": 0.0
}