{
  "exp_id": "A2.7",
  "seed": 43,
  "config": {
    "alpha": 0.6,
    "w": 5,
    "cap": 10,
    "k": 50,
    "tau": null,
    "lambda": null,
    "max_steps": 40,
    "max_handoffs": 2,
    "max_new_tokens": 768,
    "id": "A2.7",
    "gate": "trend"
  },
  "n_samples": 50,
  "n_valid": 50,
  "n_timeouts": 0,
  "n_errors": 0,
  "accuracy": 0.8,
  "timeout_rate": 0.0,
  "error_rate": 0.0,
  "avg_wall_time_s": 7.969809036254883,
  "std_wall_time_s": 3.0660239167096432,
  "p50_wall_time_s": 7.390509843826294,
  "p90_wall_time_s": 13.26536250114441,
  "total_wall_time_s": 398.49045181274414,
  "samples_per_sec": 0.12547352081473623,
  "steps_per_sec": 0.4065342074397454,
  "avg_total_steps": 3.24,
  "avg_latent_steps": 3.24,
  "avg_explicit_tokens": 0.0,
  "avg_switches": 0.1,
  "std_switches": 0.412310562561766,
  "avg_top_k_mass": 1.0,
  "avg_peak_mem_gb": 3.24314699776,
  "max_peak_mem_gb": 3.266213376,
  "avg_bridge_rate": 0.0,
  "avg_bytes_per_step": 400.0,
  "avg_bytes_total": 1296.0,
  "timestamp": "2025-12-21T05:23:49.523441",
  "kl_drift": 0.0,
  "cosine_drift": 1.277044037031749e-05,
  "drift_events": 0.0
}