{
  "exp_id": "A3.1",
  "seed": 42,
  "config": {
    "alpha": 0.6,
    "w": null,
    "cap": 10,
    "k": 50,
    "tau": null,
    "lambda": null,
    "max_steps": 40,
    "max_handoffs": 2,
    "max_new_tokens": 768,
    "id": "A3.1",
    "comm": "embed"
  },
  "n_samples": 50,
  "n_valid": 50,
  "n_timeouts": 0,
  "n_errors": 0,
  "accuracy": 0.84,
  "timeout_rate": 0.0,
  "error_rate": 0.0,
  "avg_wall_time_s": 8.001598472595214,
  "std_wall_time_s": 2.8032949433428827,
  "p50_wall_time_s": 7.484750747680664,
  "p90_wall_time_s": 11.484800410270692,
  "total_wall_time_s": 400.07992362976074,
  "samples_per_sec": 0.12497502885516111,
  "steps_per_sec": 1.6396723785797136,
  "avg_total_steps": 13.12,
  "avg_latent_steps": 13.12,
  "avg_explicit_tokens": 0.0,
  "avg_switches": 2.7,
  "std_switches": 1.7916472867168918,
  "avg_top_k_mass": 0.99921875,
  "avg_peak_mem_gb": 3.25146585088,
  "max_peak_mem_gb": 3.280254464,
  "avg_bridge_rate": 0.0,
  "avg_bytes_per_step": 3072.0,
  "avg_bytes_total": 40304.64,
  "timestamp": "2025-12-20T22:04:58.561190"
}