{
  "exp_id": "A3.2",
  "seed": 43,
  "config": {
    "alpha": 0.6,
    "w": null,
    "cap": 10,
    "k": 10,
    "tau": null,
    "lambda": null,
    "max_steps": 40,
    "max_handoffs": 2,
    "max_new_tokens": 768,
    "id": "A3.2",
    "comm": "belief"
  },
  "n_samples": 50,
  "n_valid": 50,
  "n_timeouts": 0,
  "n_errors": 0,
  "accuracy": 0.8,
  "timeout_rate": 0.0,
  "error_rate": 0.0,
  "avg_wall_time_s": 7.85595787525177,
  "std_wall_time_s": 3.068344066862995,
  "p50_wall_time_s": 7.17428183555603,
  "p90_wall_time_s": 13.260063648223877,
  "total_wall_time_s": 392.7978937625885,
  "samples_per_sec": 0.12729192491602453,
  "steps_per_sec": 0.39715080573799655,
  "avg_total_steps": 3.12,
  "avg_latent_steps": 3.12,
  "avg_explicit_tokens": 0.0,
  "avg_switches": 0.08,
  "std_switches": 0.39191835884530857,
  "avg_top_k_mass": 1.0,
  "avg_peak_mem_gb": 3.24314011648,
  "max_peak_mem_gb": 3.266213376,
  "avg_bridge_rate": 0.0,
  "avg_bytes_per_step": 80.0,
  "avg_bytes_total": 249.6,
  "timestamp": "2025-12-20T22:31:23.622381",
  "kl_drift": 5.426551554810433,
  "cosine_drift": 0.3920535572166481,
  "drift_events": 0.5
}