{
  "exp_id": "A3.3",
  "seed": 43,
  "config": {
    "alpha": 0.6,
    "w": null,
    "cap": 10,
    "k": 50,
    "tau": null,
    "lambda": null,
    "max_steps": 40,
    "max_handoffs": 2,
    "max_new_tokens": 768,
    "id": "A3.3",
    "comm": "belief"
  },
  "n_samples": 50,
  "n_valid": 50,
  "n_timeouts": 0,
  "n_errors": 0,
  "accuracy": 0.8,
  "timeout_rate": 0.0,
  "error_rate": 0.0,
  "avg_wall_time_s": 7.968164353370667,
  "std_wall_time_s": 3.067396566284497,
  "p50_wall_time_s": 7.378918766975403,
  "p90_wall_time_s": 13.264849591255189,
  "total_wall_time_s": 398.4082176685333,
  "samples_per_sec": 0.12549941939600973,
  "steps_per_sec": 0.40661811884307153,
  "avg_total_steps": 3.24,
  "avg_latent_steps": 3.24,
  "avg_explicit_tokens": 0.0,
  "avg_switches": 0.1,
  "std_switches": 0.412310562561766,
  "avg_top_k_mass": 1.0,
  "avg_peak_mem_gb": 3.24314699776,
  "max_peak_mem_gb": 3.266213376,
  "avg_bridge_rate": 0.0,
  "avg_bytes_per_step": 400.0,
  "avg_bytes_total": 1296.0,
  "timestamp": "2025-12-20T22:51:13.660915",
  "kl_drift": 5.471688030498368,
  "cosine_drift": 0.39814263433076086,
  "drift_events": 0.54
}