{
  "exp_id": "A3.3",
  "seed": 44,
  "config": {
    "alpha": 0.6,
    "w": null,
    "cap": 10,
    "k": 50,
    "tau": null,
    "lambda": null,
    "max_steps": 40,
    "max_handoffs": 2,
    "max_new_tokens": 768,
    "id": "A3.3",
    "comm": "belief"
  },
  "n_samples": 50,
  "n_valid": 50,
  "n_timeouts": 0,
  "n_errors": 0,
  "accuracy": 0.8,
  "timeout_rate": 0.0,
  "error_rate": 0.0,
  "avg_wall_time_s": 7.968107528686524,
  "std_wall_time_s": 3.069552689957536,
  "p50_wall_time_s": 7.375783205032349,
  "p90_wall_time_s": 13.287101817131044,
  "total_wall_time_s": 398.4053764343262,
  "samples_per_sec": 0.1255003143970927,
  "steps_per_sec": 0.40662101864658035,
  "avg_total_steps": 3.24,
  "avg_latent_steps": 3.24,
  "avg_explicit_tokens": 0.0,
  "avg_switches": 0.1,
  "std_switches": 0.412310562561766,
  "avg_top_k_mass": 1.0,
  "avg_peak_mem_gb": 3.24314699776,
  "max_peak_mem_gb": 3.266213376,
  "avg_bridge_rate": 0.0,
  "avg_bytes_per_step": 400.0,
  "avg_bytes_total": 1296.0,
  "timestamp": "2025-12-20T22:57:52.203067",
  "kl_drift": 5.471688030498368,
  "cosine_drift": 0.39814263433076086,
  "drift_events": 0.54
}