{
  "exp_id": "A3.4",
  "seed": 43,
  "config": {
    "alpha": 0.6,
    "w": null,
    "cap": 10,
    "k": 100,
    "tau": null,
    "lambda": null,
    "max_steps": 40,
    "max_handoffs": 2,
    "max_new_tokens": 768,
    "id": "A3.4",
    "comm": "belief"
  },
  "n_samples": 50,
  "n_valid": 50,
  "n_timeouts": 0,
  "n_errors": 0,
  "accuracy": 0.78,
  "timeout_rate": 0.0,
  "error_rate": 0.0,
  "avg_wall_time_s": 7.832159957885742,
  "std_wall_time_s": 2.9609342219123813,
  "p50_wall_time_s": 7.380902290344238,
  "p90_wall_time_s": 12.828654527664185,
  "total_wall_time_s": 391.6079978942871,
  "samples_per_sec": 0.12767869979381086,
  "steps_per_sec": 0.4290004313072045,
  "avg_total_steps": 3.36,
  "avg_latent_steps": 3.36,
  "avg_explicit_tokens": 0.0,
  "avg_switches": 0.12,
  "std_switches": 0.4749736834815167,
  "avg_top_k_mass": 1.0,
  "avg_peak_mem_gb": 3.2431554048,
  "max_peak_mem_gb": 3.26618624,
  "avg_bridge_rate": 0.0,
  "avg_bytes_per_step": 800.0,
  "avg_bytes_total": 2688.0,
  "timestamp": "2025-12-20T23:10:55.699786",
  "kl_drift": 5.48040225945011,
  "cosine_drift": 0.3968295114229596,
  "drift_events": 0.54
}