{
  "exp_id": "A3.5",
  "seed": 42,
  "config": {
    "alpha": 0.6,
    "w": null,
    "cap": 10,
    "k": -1,
    "tau": null,
    "lambda": null,
    "max_steps": 40,
    "max_handoffs": 2,
    "max_new_tokens": 768,
    "id": "A3.5",
    "comm": "logits"
  },
  "n_samples": 50,
  "n_valid": 50,
  "n_timeouts": 0,
  "n_errors": 0,
  "accuracy": 0.78,
  "timeout_rate": 0.0,
  "error_rate": 0.0,
  "avg_wall_time_s": 7.792215766906739,
  "std_wall_time_s": 2.9341975917957415,
  "p50_wall_time_s": 7.3475261926651,
  "p90_wall_time_s": 12.835159802436829,
  "total_wall_time_s": 389.6107883453369,
  "samples_per_sec": 0.1283332019946065,
  "steps_per_sec": 0.4106662463827408,
  "avg_total_steps": 3.2,
  "avg_latent_steps": 3.2,
  "avg_explicit_tokens": 0.0,
  "avg_switches": 0.1,
  "std_switches": 0.412310562561766,
  "avg_top_k_mass": 1.0,
  "avg_peak_mem_gb": 3.24946121728,
  "max_peak_mem_gb": 3.272627712,
  "avg_bridge_rate": 0.0,
  "avg_bytes_per_step": 607744.0,
  "avg_bytes_total": 1944780.8,
  "timestamp": "2025-12-20T23:23:57.217617",
  "kl_drift": 5.383955616665265,
  "cosine_drift": 0.3924099526604017,
  "drift_events": 0.5
}