{
  "exp_id": "A4.1",
  "seed": 42,
  "config": {
    "alpha": 0.6,
    "w": null,
    "cap": 10,
    "k": 50,
    "tau": null,
    "lambda": null,
    "max_steps": 40,
    "max_handoffs": 2,
    "max_new_tokens": 768,
    "id": "A4.1",
    "kv": "none"
  },
  "n_samples": 50,
  "n_valid": 50,
  "n_timeouts": 0,
  "n_errors": 0,
  "accuracy": 0.8,
  "timeout_rate": 0.0,
  "error_rate": 0.0,
  "avg_wall_time_s": 7.040338659286499,
  "std_wall_time_s": 2.4791808580635997,
  "p50_wall_time_s": 6.5369861125946045,
  "p90_wall_time_s": 11.488926196098328,
  "total_wall_time_s": 352.01693296432495,
  "samples_per_sec": 0.1420386217758088,
  "steps_per_sec": 0.47724976916671763,
  "avg_total_steps": 3.36,
  "avg_latent_steps": 3.36,
  "avg_explicit_tokens": 0.0,
  "avg_switches": 0.08,
  "std_switches": 0.39191835884530857,
  "avg_top_k_mass": 0.999990234375,
  "avg_peak_mem_gb": 6.331502223359999,
  "max_peak_mem_gb": 6.354531328,
  "avg_bridge_rate": 0.0,
  "avg_bytes_per_step": 400.0,
  "avg_bytes_total": 1344.0,
  "timestamp": "2025-12-22T01:48:44.986332"
}