{
  "exp_id": "A4.1",
  "seed": 44,
  "config": {
    "alpha": 0.6,
    "w": null,
    "cap": 10,
    "k": 50,
    "tau": null,
    "lambda": null,
    "max_steps": 40,
    "max_handoffs": 2,
    "max_new_tokens": 768,
    "id": "A4.1",
    "kv": "none"
  },
  "n_samples": 50,
  "n_valid": 50,
  "n_timeouts": 0,
  "n_errors": 0,
  "accuracy": 0.8,
  "timeout_rate": 0.0,
  "error_rate": 0.0,
  "avg_wall_time_s": 7.025952715873718,
  "std_wall_time_s": 2.484218964554594,
  "p50_wall_time_s": 6.532653212547302,
  "p90_wall_time_s": 11.466453123092652,
  "total_wall_time_s": 351.2976357936859,
  "samples_per_sec": 0.14232945202444963,
  "steps_per_sec": 0.47822695880215077,
  "avg_total_steps": 3.36,
  "avg_latent_steps": 3.36,
  "avg_explicit_tokens": 0.0,
  "avg_switches": 0.08,
  "std_switches": 0.39191835884530857,
  "avg_top_k_mass": 0.999990234375,
  "avg_peak_mem_gb": 6.331502223359999,
  "max_peak_mem_gb": 6.354531328,
  "avg_bridge_rate": 0.0,
  "avg_bytes_per_step": 400.0,
  "avg_bytes_total": 1344.0,
  "timestamp": "2025-12-22T02:00:27.783360"
}