{
  "exp_id": "A4.1",
  "seed": 43,
  "config": {
    "alpha": 0.6,
    "w": null,
    "cap": 10,
    "k": 50,
    "tau": null,
    "lambda": null,
    "max_steps": 40,
    "max_handoffs": 2,
    "max_new_tokens": 768,
    "id": "A4.1",
    "kv": "none"
  },
  "n_samples": 50,
  "n_valid": 50,
  "n_timeouts": 0,
  "n_errors": 0,
  "accuracy": 0.8,
  "timeout_rate": 0.0,
  "error_rate": 0.0,
  "avg_wall_time_s": 7.0259886693954465,
  "std_wall_time_s": 2.486153785568833,
  "p50_wall_time_s": 6.518091559410095,
  "p90_wall_time_s": 11.467621564865114,
  "total_wall_time_s": 351.29943346977234,
  "samples_per_sec": 0.14232872369349342,
  "steps_per_sec": 0.47822451161013785,
  "avg_total_steps": 3.36,
  "avg_latent_steps": 3.36,
  "avg_explicit_tokens": 0.0,
  "avg_switches": 0.08,
  "std_switches": 0.39191835884530857,
  "avg_top_k_mass": 0.999990234375,
  "avg_peak_mem_gb": 6.331502223359999,
  "max_peak_mem_gb": 6.354531328,
  "avg_bridge_rate": 0.0,
  "avg_bytes_per_step": 400.0,
  "avg_bytes_total": 1344.0,
  "timestamp": "2025-12-22T01:54:36.385886"
}