{
  "exp_id": "A4.2",
  "seed": 43,
  "config": {
    "alpha": 0.6,
    "w": null,
    "cap": 10,
    "k": 50,
    "tau": null,
    "lambda": null,
    "max_steps": 40,
    "max_handoffs": 2,
    "max_new_tokens": 768,
    "id": "A4.2",
    "kv": "kivi2bit"
  },
  "n_samples": 50,
  "n_valid": 50,
  "n_timeouts": 0,
  "n_errors": 0,
  "accuracy": 0.74,
  "timeout_rate": 0.0,
  "error_rate": 0.0,
  "avg_wall_time_s": 10.850217604637146,
  "std_wall_time_s": 4.2363103205347725,
  "p50_wall_time_s": 9.927647233009338,
  "p90_wall_time_s": 16.96763017177582,
  "total_wall_time_s": 542.5108802318573,
  "samples_per_sec": 0.09216405020048832,
  "steps_per_sec": 0.2949249606415626,
  "avg_total_steps": 3.2,
  "avg_latent_steps": 3.2,
  "avg_explicit_tokens": 0.0,
  "avg_switches": 0.12,
  "std_switches": 0.43081318457076034,
  "avg_top_k_mass": 1.0,
  "avg_peak_mem_gb": 6.32917692416,
  "max_peak_mem_gb": 6.350861312,
  "avg_bridge_rate": 0.0,
  "avg_bytes_per_step": 400.0,
  "avg_bytes_total": 1280.0,
  "timestamp": "2025-12-22T02:18:34.271044",
  "kl_drift": 0.7647817539190281,
  "cosine_drift": 0.0690914562855448,
  "drift_events": 0.14
}