{
  "exp_id": "A4.3",
  "seed": 44,
  "config": {
    "alpha": 0.6,
    "w": null,
    "cap": 10,
    "k": 50,
    "tau": null,
    "lambda": null,
    "max_steps": 40,
    "max_handoffs": 2,
    "max_new_tokens": 768,
    "id": "A4.3",
    "kv": "minicache"
  },
  "n_samples": 50,
  "n_valid": 50,
  "n_timeouts": 0,
  "n_errors": 0,
  "accuracy": 0.78,
  "timeout_rate": 0.0,
  "error_rate": 0.0,
  "avg_wall_time_s": 7.6686641263961794,
  "std_wall_time_s": 2.490887551211043,
  "p50_wall_time_s": 7.206501603126526,
  "p90_wall_time_s": 11.223530983924865,
  "total_wall_time_s": 383.43320631980896,
  "samples_per_sec": 0.13040080821350838,
  "steps_per_sec": 2.362862644828772,
  "avg_total_steps": 18.12,
  "avg_latent_steps": 18.12,
  "avg_explicit_tokens": 0.0,
  "avg_switches": 3.6,
  "std_switches": 2.814249455894058,
  "avg_top_k_mass": 0.9999609375,
  "avg_peak_mem_gb": 6.3310904934400005,
  "max_peak_mem_gb": 6.355771392,
  "avg_bridge_rate": 0.0,
  "avg_bytes_per_step": 400.0,
  "avg_bytes_total": 7248.0,
  "timestamp": "2025-12-22T02:46:53.225944",
  "kl_drift": 4.816266818073115,
  "cosine_drift": 0.4594443686231218,
  "drift_events": 0.54
}