{
  "exp_id": "A4.4",
  "seed": 42,
  "config": {
    "alpha": 0.6,
    "w": null,
    "cap": 10,
    "k": 50,
    "tau": null,
    "lambda": null,
    "max_steps": 40,
    "max_handoffs": 2,
    "max_new_tokens": 768,
    "id": "A4.4",
    "kv": "minicache+kivi2bit"
  },
  "n_samples": 50,
  "n_valid": 50,
  "n_timeouts": 0,
  "n_errors": 0,
  "accuracy": 0.74,
  "timeout_rate": 0.0,
  "error_rate": 0.0,
  "avg_wall_time_s": 7.488658313751221,
  "std_wall_time_s": 3.1781466453800267,
  "p50_wall_time_s": 6.396909594535828,
  "p90_wall_time_s": 12.189943170547485,
  "total_wall_time_s": 374.43291568756104,
  "samples_per_sec": 0.1335352686827395,
  "steps_per_sec": 1.698568617644446,
  "avg_total_steps": 12.72,
  "avg_latent_steps": 12.72,
  "avg_explicit_tokens": 0.0,
  "avg_switches": 2.4,
  "std_switches": 1.4422205101855956,
  "avg_top_k_mass": 0.999951171875,
  "avg_peak_mem_gb": 6.329865195519999,
  "max_peak_mem_gb": 6.35359232,
  "avg_bridge_rate": 0.0,
  "avg_bytes_per_step": 400.0,
  "avg_bytes_total": 5088.0,
  "timestamp": "2025-12-22T02:53:09.156528",
  "kl_drift": 6.225067921676333,
  "cosine_drift": 0.557686813218726,
  "drift_events": 0.54
}