{
  "exp_id": "A1.1",
  "seed": 42,
  "config": {
    "alpha": 0.6,
    "w": null,
    "cap": 10,
    "k": 50,
    "tau": null,
    "lambda": null,
    "max_steps": 40,
    "max_handoffs": 2,
    "max_new_tokens": 768,
    "id": "A1.1",
    "soft_mode": "deterministic"
  },
  "n_samples": 200,
  "n_valid": 200,
  "n_timeouts": 0,
  "n_errors": 0,
  "accuracy": 0.04,
  "timeout_rate": 0.0,
  "error_rate": 0.0,
  "avg_wall_time_s": 8.047081614732742,
  "std_wall_time_s": 2.8237745832652603,
  "p50_wall_time_s": 7.782526850700378,
  "p90_wall_time_s": 11.198087382316588,
  "total_wall_time_s": 1609.4163229465485,
  "samples_per_sec": 0.12426865388927856,
  "steps_per_sec": 0.9811010224558543,
  "avg_total_steps": 7.895,
  "avg_latent_steps": 7.895,
  "avg_explicit_tokens": 0.0,
  "avg_switches": 1.35,
  "std_switches": 1.9691368667515217,
  "avg_top_k_mass": 0.99955078125,
  "avg_peak_mem_gb": 3.2328158848,
  "max_peak_mem_gb": 3.70363648,
  "avg_bridge_rate": 0.0,
  "avg_bytes_per_step": 400.0,
  "avg_bytes_total": 3158.0,
  "timestamp": "2025-12-25T04:03:11.655042"
}